<?xml version="1.0" encoding="UTF-8"?>
<definitions xmlns="http://www.omg.org/spec/BPMN/20100524/MODEL" xmlns:xsi="http://www.w3.org/2001/XMLSchema-instance" xmlns:xsd="http://www.w3.org/2001/XMLSchema" xmlns:activiti="http://activiti.org/bpmn" xmlns:bpmndi="http://www.omg.org/spec/BPMN/20100524/DI" xmlns:omgdc="http://www.omg.org/spec/DD/20100524/DC" xmlns:omgdi="http://www.omg.org/spec/DD/20100524/DI" typeLanguage="http://www.w3.org/2001/XMLSchema" expressionLanguage="http://www.w3.org/1999/XPath" targetNamespace="http://www.activiti.org/processdef">
  <process id="myLeave1" name="请假流程审批1" isExecutable="true">
    <endEvent id="sid-acc93230-98cc-4b0a-8715-2a13418e2aa2"/>
    <userTask id="sid-783980b9-0396-40e6-bf82-866f27a149d2" activiti:assignee="worker" name="提交请假申请"/>
    <userTask id="sid-0ca158d2-2e4b-4a8a-834a-4bc02704eb5f" name="部门经理审批" activiti:assignee="manager"/>
    <userTask id="sid-d1c8877c-c335-4330-8d88-b8ff2c28a844" name="财务审批" activiti:assignee="financer"/>
    <startEvent id="sid-b21c4d40-44ad-4bdd-8019-972754c0f446"/>
    <sequenceFlow id="sid-77446574-f803-4864-b66d-79b2f69f664b" sourceRef="sid-b21c4d40-44ad-4bdd-8019-972754c0f446" targetRef="sid-783980b9-0396-40e6-bf82-866f27a149d2"/>
    <sequenceFlow id="sid-b95fa730-b579-4ce3-8ee6-75562089c99e" sourceRef="sid-783980b9-0396-40e6-bf82-866f27a149d2" targetRef="sid-0ca158d2-2e4b-4a8a-834a-4bc02704eb5f"/>
    <sequenceFlow id="sid-47b5d5a7-c72a-4ccf-a3a7-17b82bf96c00" sourceRef="sid-d1c8877c-c335-4330-8d88-b8ff2c28a844" targetRef="sid-acc93230-98cc-4b0a-8715-2a13418e2aa2"/>
    <sequenceFlow id="sid-637812be-5caa-4fd5-890f-0f2dbd7721f8" sourceRef="sid-0ca158d2-2e4b-4a8a-834a-4bc02704eb5f" targetRef="sid-d1c8877c-c335-4330-8d88-b8ff2c28a844"/>
  </process>
  <bpmndi:BPMNDiagram id="BPMNDiagram_dd">
    <bpmndi:BPMNPlane bpmnElement="myLeave1" id="BPMNPlane_dd">
      <bpmndi:BPMNShape id="shape-0ef2b532-0e74-4bef-b8b7-c867193c4e5e" bpmnElement="sid-acc93230-98cc-4b0a-8715-2a13418e2aa2">
        <omgdc:Bounds x="639.7417" y="78.85832" width="30.0" height="30.0"/>
      </bpmndi:BPMNShape>
      <bpmndi:BPMNShape id="shape-18b0fa04-ae46-4687-a059-22f22c6c545d" bpmnElement="sid-783980b9-0396-40e6-bf82-866f27a149d2">
        <omgdc:Bounds x="40.038338" y="-32.216652" width="100.0" height="80.0"/>
      </bpmndi:BPMNShape>
      <bpmndi:BPMNShape id="sid-196d09cc-ffe6-49fe-9c8e-a4fb98c40b12" bpmnElement="sid-0ca158d2-2e4b-4a8a-834a-4bc02704eb5f">
        <omgdc:Bounds x="255.3125" y="5.053177" width="100.0" height="80.0"/>
      </bpmndi:BPMNShape>
      <bpmndi:BPMNShape id="sid-443be101-1c38-4d76-a9ea-4717f5aaadec" bpmnElement="sid-d1c8877c-c335-4330-8d88-b8ff2c28a844">
        <omgdc:Bounds x="439.44818" y="39.204727" width="100.0" height="80.0"/>
      </bpmndi:BPMNShape>
      <bpmndi:BPMNShape id="shape-9c5efc10-89ed-4e33-8c33-7097e8038002" bpmnElement="sid-b21c4d40-44ad-4bdd-8019-972754c0f446">
        <omgdc:Bounds x="-60.0" y="20.0" width="30.0" height="30.0"/>
      </bpmndi:BPMNShape>
      <bpmndi:BPMNEdge id="edge-2f6f738c-67c4-4b4f-9433-025d84bcad61" bpmnElement="sid-77446574-f803-4864-b66d-79b2f69f664b">
        <omgdi:waypoint x="-30.0" y="27.5"/>
        <omgdi:waypoint x="40.038338" y="27.783348"/>
      </bpmndi:BPMNEdge>
      <bpmndi:BPMNEdge id="edge-4219e9bc-5d56-4f3d-adf3-73abc9b6da88" bpmnElement="sid-b95fa730-b579-4ce3-8ee6-75562089c99e">
        <omgdi:waypoint x="140.03833" y="27.783348"/>
        <omgdi:waypoint x="255.3125" y="25.053177"/>
      </bpmndi:BPMNEdge>
      <bpmndi:BPMNEdge id="edge-5170c4dc-43d5-44e0-b415-2d4491cc360e" bpmnElement="sid-47b5d5a7-c72a-4ccf-a3a7-17b82bf96c00">
        <omgdi:waypoint x="539.4482" y="99.20473"/>
        <omgdi:waypoint x="639.7417" y="101.35832"/>
      </bpmndi:BPMNEdge>
      <bpmndi:BPMNEdge id="edge-7b12ba53-cebb-40ce-a291-1484c1b94f75" bpmnElement="sid-637812be-5caa-4fd5-890f-0f2dbd7721f8">
        <omgdi:waypoint x="355.3125" y="65.05318"/>
        <omgdi:waypoint x="439.44818" y="59.204727"/>
      </bpmndi:BPMNEdge>
    </bpmndi:BPMNPlane>
  </bpmndi:BPMNDiagram>
</definitions>
